"filename", "language", "vue", "comment", "blank", "total"
"d:\砍瓜网前端及学习资料\kanguawang\zhicong\src\view\mobile\add\index.vue", "vue", 456, 0, 3, 459
"d:\砍瓜网前端及学习资料\kanguawang\zhicong\src\view\mobile\detail\index.vue", "vue", 449, 1, 8, 458
"d:\砍瓜网前端及学习资料\kanguawang\zhicong\src\view\mobile\index\index.vue", "vue", 128, 8, 3, 139
"d:\砍瓜网前端及学习资料\kanguawang\zhicong\src\view\mobile\interview\index.vue", "vue", 129, 1, 3, 133
"d:\砍瓜网前端及学习资料\kanguawang\zhicong\src\view\mobile\list\index.vue", "vue", 380, 0, 3, 383
"d:\砍瓜网前端及学习资料\kanguawang\zhicong\src\view\mobile\login\index.vue", "vue", 101, 3, 3, 107
"d:\砍瓜网前端及学习资料\kanguawang\zhicong\src\view\mobile\main\index.vue", "vue", 197, 18, 4, 219
"d:\砍瓜网前端及学习资料\kanguawang\zhicong\src\view\mobile\manager\index.vue", "vue", 68, 0, 2, 70
"d:\砍瓜网前端及学习资料\kanguawang\zhicong\src\view\mobile\mine\index.vue", "vue", 143, 0, 3, 146
"d:\砍瓜网前端及学习资料\kanguawang\zhicong\src\view\mobile\password\index.vue", "vue", 85, 0, 3, 88
"d:\砍瓜网前端及学习资料\kanguawang\zhicong\src\view\mobile\personal\index.vue", "vue", 129, 0, 3, 132
"d:\砍瓜网前端及学习资料\kanguawang\zhicong\src\view\mobile\question\index.vue", "vue", 510, 4, 3, 517
"d:\砍瓜网前端及学习资料\kanguawang\zhicong\src\view\mobile\register\index.vue", "vue", 168, 10, 3, 181
"d:\砍瓜网前端及学习资料\kanguawang\zhicong\src\view\pc\add\index.vue", "vue", 497, 33, 6, 536
"d:\砍瓜网前端及学习资料\kanguawang\zhicong\src\view\pc\detail\index.vue", "vue", 748, 8, 22, 778
"d:\砍瓜网前端及学习资料\kanguawang\zhicong\src\view\pc\detaila\index.vue", "vue", 717, 5, 18, 740
"d:\砍瓜网前端及学习资料\kanguawang\zhicong\src\view\pc\detailb\index.vue", "vue", 691, 26, 19, 736
"d:\砍瓜网前端及学习资料\kanguawang\zhicong\src\view\pc\index\index.vue", "vue", 149, 1, 3, 153
"d:\砍瓜网前端及学习资料\kanguawang\zhicong\src\view\pc\interview\index.vue", "vue", 277, 0, 3, 280
"d:\砍瓜网前端及学习资料\kanguawang\zhicong\src\view\pc\interviewa\index.vue", "vue", 276, 5, 3, 284
"d:\砍瓜网前端及学习资料\kanguawang\zhicong\src\view\pc\list\index.vue", "vue", 434, 428, 9, 871
"d:\砍瓜网前端及学习资料\kanguawang\zhicong\src\view\pc\login\index.vue", "vue", 157, 4, 4, 165
"d:\砍瓜网前端及学习资料\kanguawang\zhicong\src\view\pc\main\index.vue", "vue", 300, 0, 6, 306
"d:\砍瓜网前端及学习资料\kanguawang\zhicong\src\view\pc\manager\index.vue", "vue", 141, 0, 9, 150
"d:\砍瓜网前端及学习资料\kanguawang\zhicong\src\view\pc\managera\index.vue", "vue", 218, 4, 10, 232
"d:\砍瓜网前端及学习资料\kanguawang\zhicong\src\view\pc\mine\index.vue", "vue", 465, 14, 11, 490
"d:\砍瓜网前端及学习资料\kanguawang\zhicong\src\view\pc\password\index.vue", "vue", 136, 2, 3, 141
"d:\砍瓜网前端及学习资料\kanguawang\zhicong\src\view\pc\personal\index.vue", "vue", 342, 1, 8, 351
"d:\砍瓜网前端及学习资料\kanguawang\zhicong\src\view\pc\publish\index.vue", "vue", 393, 24, 4, 421
"d:\砍瓜网前端及学习资料\kanguawang\zhicong\src\view\pc\question\index.vue", "vue", 622, 0, 5, 627
"d:\砍瓜网前端及学习资料\kanguawang\zhicong\src\view\pc\register\index.vue", "vue", 379, 4, 12, 395
"Total", "-", 9885, 604, 199, 10688